barcode	site	insert_reads
ACAGAAACAGGTCTGC-1	CCR5_CAR_Target	1
AGCGATTAGTGAGTTA-1	CCR5_CAR_Target	1
TGCTTTAGTTTGATCG-1	CCR5_CAR_Target	1
GTCACTCTCCCGTAGG-1	CCR5_CAR_Target	1
TACATGGTCACTAGCA-1	CCR5_CAR_Target	1
TAGCCCTAGTGATTAG-1	CCR5_CAR_Target	1
GCCCGAATCACGTCAA-1	CCR5_CAR_Target	1
TAGCCCTAGAAAGCAG-1	CCR5_CAR_Target	1
AACGGGAAGTCGTGAG-1	CCR5_CAR_Target	1
GTGGATTAGGATTGAT-1	CCR5_CAR_Target	1
CGCTATCTCGCTCTAC-1	CCR5_CAR_Target	1
GGGACCTCATCAGAAA-1	CCR5_CAR_Target	1
AGCGTATGTTTCACCC-1	CCR5_CAR_Target	1
CATTGGAGTGTGAGGT-1	CCR5_CAR_Target	1
CCTATTACACAGTTAC-1	CCR5_CAR_Target	1
TTAACGGAGTCGATAA-1	CCR5_CAR_Target	2
GAAGAGCCAAAGCATA-1	CCR5_CAR_Target	1
AATGTCGTCGATAGGG-1	B2M_KO_CAR_Target	1
GTGTCCTCATGTGAGG-1	B2M_KO_CAR_Target	1
GCAGATTAGGGCATTG-1	B2M_KO_CAR_Target	1
TAGCCGGCAGAGAGAA-1	B2M_KO_CAR_Target	1
CTACTTACAAGTCCTA-1	B2M_KO_CAR_Target	1
TAAGTGCTCTAGCTGA-1	B2M_KO_CAR_Target	1
TGAATCGGTAGCGTTT-1	B2M_KO_CAR_Target	1
CAGGATTTCACTTACT-1	B2M_KO_CAR_Target	1
TACAGCAAGAGCTACG-1	B2M_KO_CAR_Target	1
CAAAGCTGTCTGATTG-1	B2M_KO_CAR_Target	1
CACCTGTTCTGAAAGA-1	B2M_KO_CAR_Target	1
GCGCATGAGGAGTCTG-1	B2M_KO_CAR_Target	1
TGCCTGTTCATGAACC-1	B2M_KO_CAR_Target	1
TAAACCGCAAGAGATT-1	B2M_KO_CAR_Target	1
CATTCCGTCGCTATTT-1	B2M_KO_CAR_Target	1
GTGGATTTCGATGCAT-1	B2M_KO_CAR_Target	1
GATTAGCGTTACACTG-1	B2M_KO_CAR_Target	1
AGTCAACAGGCGTCCT-1	B2M_KO_CAR_Target	1
ATTACTCGTTTGTGAC-1	B2M_KO_CAR_Target	1
AATGGCTGTCCCTTTG-1	B2M_KO_CAR_Target	1
TAGCACATCGGCATAT-1	B2M_KO_CAR_Target	1
TAGGTGTGTGTCGTGC-1	B2M_KO_CAR_Target	1
GCGAGTCAGAATGCTA-1	B2M_KO_CAR_Target	1
TTGAGTGGTGCGTCCA-1	B2M_KO_CAR_Target	1
TGCTCGTGTGGACCAA-1	B2M_KO_CAR_Target	1
ACCGAATCAAGCGAAC-1	B2M_KO_CAR_Target	1
AAAGATGCAGCAACCC-1	B2M_KO_CAR_Target	1
TACTAGGTCTACATCT-1	B2M_KO_CAR_Target	1
GGGACCTGTACGTAAA-1	B2M_KO_CAR_Target	1
TACCTCGAGGATCCTT-1	B2M_KO_CAR_Target	1
ATTGTGGCATCCATAG-1	B2M_KO_CAR_Target	1
GGCATTACACTTATGG-1	B2M_KO_CAR_Target	1
CGCTGGACATGTATCG-1	B2M_KO_CAR_Target	1
GCGGGTTAGTCCGGAA-1	B2M_KO_CAR_Target	1
AACTGTGCAAAGCTTC-1	B2M_KO_CAR_Target	2
ATGGATCAGGAACCGT-1	B2M_KO_CAR_Target	1
TGATTTCAGCGTCTGC-1	B2M_KO_CAR_Target	1
GGGAACATCATGTTCT-1	B2M_KO_CAR_Target	1
ATGCATGTCTATATCC-1	B2M_KO_CAR_Target	1
GTCACCTAGTGCACAG-1	B2M_KO_CAR_Target	1
AGTGCGCAGAGTCCGA-1	B2M_KO_CAR_Target	1
CAGTATGAGTCGTATC-1	B2M_KO_CAR_Target	1
CGTAAACTCGTCCCAT-1	B2M_KO_CAR_Target	1
CAAGAAAAGTCTGGGA-1	B2M_KO_CAR_Target	1
ATGGATCTCGGTTAGT-1	B2M_KO_CAR_Target	1
GCGATCGAGGGTATCG-1	B2M_KO_CAR_Target	1
AGCTGTAAGATGTTGA-1	B2M_KO_CAR_Target	1
GCGGGTTAGGCACCTC-1	B2M_KO_CAR_Target	1
TTGTTCAGTTACCCAA-1	B2M_KO_CAR_Target	1
AACTGGTTCGGATAGG-1	B2M_KO_CAR_Target	1
AAACTCGTCAGGTCTA-1	B2M_KO_CAR_Target	1
GGATAGGAGTCAACTC-1	B2M_KO_CAR_Target	1
CATAACGGTGCTAGTT-1	B2M_KO_CAR_Target	1
GTCACTCTCCTGGGAC-1	B2M_KO_CAR_Target	1
TTACGTTAGAAATACC-1	B2M_KO_CAR_Target	1
TTGTTCACAGAGCCAA-1	B2M_KO_CAR_Target	1
GTGATCATCCGTTAGA-1	B2M_KO_CAR_Target	1
GACCAATAGGGACGTT-1	B2M_KO_CAR_Target	1
TACCTATAGGAGAACA-1	B2M_KO_CAR_Target	1
TAAACCGGTGGACCAA-1	B2M_KO_CAR_Target	1
GCGGGTTAGACACAAT-1	B2M_KO_CAR_Target	1
CGCTAGGAGGTTCTCA-1	B2M_KO_CAR_Target	1
GCATGATAGGATTGCG-1	B2M_KO_CAR_Target	1
ACAAAGAAGGCCAATG-1	B2M_KO_CAR_Target	1
GTTATTCTCTCTGAGA-1	B2M_KO_CAR_Target	1
ACAAGCTCAATCAGGG-1	B2M_KO_CAR_Target	1
ACCGAATGTCGCTAGC-1	B2M_KO_CAR_Target	1
AAAGGATTCTGATCCC-1	B2M_KO_CAR_Target	1
CCTTGCATCGGGAAAC-1	B2M_KO_CAR_Target	1
TCCAGAACAGCAACGA-1	B2M_KO_CAR_Target	1
CTGTTCGGTATCCCTC-1	B2M_KO_CAR_Target	1
GCTGAGCCAGGCAGAT-1	B2M_KO_CAR_Target	1
GACCTTCGTCCATTGA-1	B2M_KO_CAR_Target	1
GAACTTGCACTCCACT-1	B2M_KO_CAR_Target	1
TGCGTAACAGGAGCAT-1	B2M_KO_CAR_Target	1
TGCCTCAAGAGCAGCT-1	B2M_KO_CAR_Target	1
CGCTGGAAGGGTATCG-1	B2M_KO_CAR_Target	1
CGGACCATCCCGTAGG-1	B2M_KO_CAR_Target	1
GGCACGTGTGAATGGC-1	B2M_KO_CAR_Target	1
GAACCGCAGTACCCAT-1	B2M_KO_CAR_Target	1
ATATTCCTCCTATCCG-1	B2M_KO_CAR_Target	1
ACCAAACAGGCAAGCT-1	B2M_KO_CAR_Target	1
TAGACTGAGGTACACG-1	B2M_KO_CAR_Target	1
TCTAGTTTCCTATCCG-1	B2M_KO_CAR_Target	1
ACTGTCCCATAGACGG-1	B2M_KO_CAR_Target	1
CCAGAATCAAGTCTCA-1	B2M_KO_CAR_Target	1
GTTGGTAGTTCCCGGA-1	B2M_KO_CAR_Target	1
CCCGTTAAGGCAATTA-1	B2M_KO_CAR_Target	1
TTGCACCAGAGTTTGA-1	B2M_KO_CAR_Target	1
TCACTCGAGCAGGACT-1	B2M_KO_CAR_Target	1
GTCGTAAAGTTCGCGC-1	TRAC_CAR_Eyquem2017	1
CTCAGAACATTACACG-1	TRAC_CAR_Eyquem2017	1
CACCTGTCAAACTACC-1	TRAC_CAR_Eyquem2017	1
GCTTAAGGTCGAGAAC-1	TRAC_CAR_Eyquem2017	1
TTTGCGCGTCATGAGG-1	TRAC_CAR_Eyquem2017	1
TGGAAGGCATTACTCT-1	TRAC_CAR_Eyquem2017	1
TTGTCTAAGCAGTAGC-1	TRAC_CAR_Eyquem2017	1
CATTCCGGTTCACGTA-1	TRAC_CAR_Eyquem2017	1
ACAGACTAGTTCCCGG-1	TRAC_CAR_Eyquem2017	1
GTAATCGTCACCCTTG-1	TRAC_CAR_Eyquem2017	1
GCTGAGCGTAGGGTCA-1	TRAC_CAR_Eyquem2017	1
ACCGCAGGTCCTATTT-1	TRAC_CAR_Eyquem2017	1
AACTGGTAGTTGCGCC-1	TRAC_CAR_Eyquem2017	1
AACTGTGAGTACGCGA-1	TRAC_CAR_Eyquem2017	1
TAACGGTGTCTAAAGA-1	TRAC_CAR_Eyquem2017	1
CAACCAAAGCGATACG-1	TRAC_CAR_Eyquem2017	1
CTAGGATAGGTTTCTG-1	TRAC_CAR_Eyquem2017	1
GTGCACGCATTGATGC-1	TRAC_CAR_Eyquem2017	1
GCTCACTTCTTACGGA-1	TRAC_CAR_Eyquem2017	1
TCCATCGGTATTCTCT-1	TRAC_CAR_Eyquem2017	2
CTCAACCTCTAGTCGA-1	TRAC_CAR_Eyquem2017	1
GTCACAATCAAGGCAG-1	TRAC_CAR_Eyquem2017	1
GAGGCTCGTTCTTTGT-1	TRAC_CAR_Eyquem2017	1
AAATGAGTCTTCAGAG-1	TRAC_CAR_Eyquem2017	1
GTACTTTGTTCCCAAA-1	TRAC_CAR_Eyquem2017	1
GATCATGGTACGTAGG-1	TRAC_CAR_Eyquem2017	1
GAACTTGCAACTGCGC-1	TRAC_CAR_Eyquem2017	2
TCGCAGGTCCGCTCTA-1	TRAC_CAR_Eyquem2017	2
GCGGGTTAGACACAAT-1	TRAC_CAR_Eyquem2017	1
GCAGCTGTCAATTGGC-1	TRAC_CAR_Eyquem2017	1
CAACGTAGTAAGTCTC-1	TRAC_CAR_Eyquem2017	1
GCTTAAGTCCAGAGAG-1	TRAC_CAR_Eyquem2017	1
CCATACCTCACTGGTA-1	TRAC_CAR_Eyquem2017	1
TCGGGACAGCGTCAAG-1	TRAC_CAR_Eyquem2017	1
TTACTTGCAATTCGTG-1	TRAC_CAR_Eyquem2017	1
GAGGTCCAGGCTTTAC-1	TRAC_CAR_Eyquem2017	1
GACTAGTCACGCGTTG-1	TRAC_CAR_Eyquem2017	1
ACTATTCTCGGATAAA-1	TRAC_CAR_Eyquem2017	2
AATGGCTGTGCAAGAC-1	TRAC_CAR_Eyquem2017	1
GCCCGAACAGTAAGCG-1	TRAC_CAR_Eyquem2017	1
GTGACATGTATACGCT-1	TRAC_CAR_Eyquem2017	1
GGGAACAAGAAATCTG-1	TRAC_CAR_Eyquem2017	1
ATGTACGGTTATAGAG-1	TRAC_CAR_Eyquem2017	1
GCAGATTAGCCCATGC-1	TRAC_CAR_Eyquem2017	1
TGCCTGTTCGCAGATT-1	TRAC_CAR_Eyquem2017	1
GAAATGATCTCCTTAA-1	TRAC_CAR_Eyquem2017	1
GCATGATAGCAATGTA-1	TRAC_CAR_Eyquem2017	1
GATGGCCGTGAGCTAG-1	TRAC_CAR_Eyquem2017	1
TTGACGAGTATTCACG-1	TRAC_CAR_Eyquem2017	1
ACCAAACGTCATCGTA-1	RAB11A_CAR_Target	1
TTCGGTCGTACGTAGG-1	RAB11A_CAR_Target	1
AATGCCAGTGGCCTCA-1	RAB11A_CAR_Target	1
CCTCCCTCAATCAGGG-1	RAB11A_CAR_Target	1
ACTTCCGCACCTACCT-1	RAB11A_CAR_Target	1
CACATGACATATTGGC-1	RAB11A_CAR_Target	1
AGCCCGACAGATGGCA-1	RAB11A_CAR_Target	1
TTTGGCCGTTCTCGAA-1	RAB11A_CAR_Target	1
TCCAGAACAAAGAGAG-1	RAB11A_CAR_Target	1
AACGAGGTCGCCCTTA-1	RAB11A_CAR_Target	2
TCGATTTTCAATCGTG-1	RAB11A_CAR_Target	2
ATCCTCGAGCTCCATA-1	RAB11A_CAR_Target	1
ATCCCTGCAACTTGGT-1	RAB11A_CAR_Target	1
TACATTCGTGCTTTGA-1	RAB11A_CAR_Target	1
CTAGGATCATGGTTTG-1	RAB11A_CAR_Target	1
AGTTACGGTATCTGCA-1	RAB11A_CAR_Target	2
ACAAAGACACCCTTAC-1	RAB11A_CAR_Target	1
TGCATTTAGCCTTTGA-1	RAB11A_CAR_Target	1
CTCCCAATCGAGGTAG-1	RAB11A_CAR_Target	1
CAACGTACAAAGAGAG-1	RAB11A_CAR_Target	1
CTAGCGGAGAGTGGTC-1	RAB11A_CAR_Target	1
GTTGGTATCCCAGCGA-1	AAVS1_CAR_Common	1
TCAGTCCGTGGACGAT-1	AAVS1_CAR_Common	1
CCCTCTCTCTTAACGG-1	AAVS1_CAR_Common	1
GACCAATAGTAGTGTA-1	AAVS1_CAR_Common	1
